name,country,website
Cégep de Saint-Jérôme,Canada,N/A
Lambton College,Canada,N/A
Acadia University,Canada,N/A
Algonquin College,Canada,N/A
Ashton College,Canada,N/A
Assumption University,Canada,N/A
Athabasca University,Canada,N/A
Augustana University College,Canada,N/A
British Columbia Institute of Technology,Canada,N/A
British Columbia Open University,Canada,N/A
William and Catherine Booth College,Canada,N/A
Collège Boréal,Canada,N/A
Bow Valley College,Canada,N/A
Brandon University,Canada,N/A
Brock University,Canada,N/A
DeVry Institute of Technology,Canada,N/A
Camosun College,Canada,N/A
Capilano College,Canada,N/A
University College of the Cariboo,Canada,N/A
Carleton University,Canada,N/A
Canadian College of Business & Computers,Canada,N/A
Centennial College,Canada,N/A
Canadian Mennonite University,Canada,N/A
College of New Caledonia,Canada,N/A
Columbia College,Canada,N/A
Concordia University College of Alberta,Canada,N/A
Concordia University,Canada,N/A
Conestoga College,Canada,N/A
College of the Rockies,Canada,N/A
"University of Moncton, Shippagan",Canada,N/A
"University of Moncton, Edmundston",Canada,N/A
Dalhousie University,Canada,N/A
Douglas College,Canada,N/A
Durham College,Canada,N/A
Emily Carr Institute of Art + Design,Canada,N/A
"École nationale d'administration publique, Université du Québec",Canada,N/A
"École de technologie supérieure, Université du Québec",Canada,N/A
First Nations University of Canada,Canada,N/A
George Brown College,Canada,N/A
École des Hautes Études Commerciales,Canada,N/A
Humber College,Canada,N/A
Huron University College,Canada,N/A
"Institut Armand-Frappier, Université du Québec",Canada,N/A
"Institut National de la Recherche Scientifique, Université du Québec",Canada,N/A
Kingston College,Canada,N/A
King's University College,Canada,N/A
Kwantleen University College,Canada,N/A
Lakehead University,Canada,N/A
Langara College,Canada,N/A
Lansbridge University,Canada,N/A
Laurentian University of Sudbury,Canada,N/A
MacEwan University,Canada,N/A
Malaspina University College,Canada,N/A
McGill University,Canada,N/A
McMaster University,Canada,N/A
Mount Saint Vincent University,Canada,N/A
Mount Allison University,Canada,N/A
Mount Royal University,Canada,N/A
Northern Alberta Institute of Technology,Canada,N/A
North Island College,Canada,N/A
Nipissing University,Canada,N/A
Northern Lights College,Canada,N/A
Nova Scotia Agricultural College,Canada,N/A
Nova Scotia College of Art and Design,Canada,N/A
Nicola Valley Institute of Technology,Canada,N/A
Ontario College of Art and Design,Canada,N/A
Okanagan University College,Canada,N/A
Dominican College of Philosophy and Theology,Canada,N/A
Pacific International College,Canada,N/A
"École Polytechnique de Montréal, Université de Montréal",Canada,N/A
Queen's University,Canada,N/A
Quest University,Canada,N/A
Redeemer College,Canada,N/A
Regent College,Canada,N/A
Royal Military College of Canada,Canada,N/A
Royal Roads University,Canada,N/A
Ryerson Polytechnic University,Canada,N/A
Southern Alberta Institute of Technology,Canada,N/A
Luther College,Canada,N/A
Sauder School of Business,Canada,N/A
"University of Toronto, Scarborough",Canada,N/A
Selkirk College,Canada,N/A
Seneca College,Canada,N/A
Simon Fraser University,Canada,N/A
Sheridan College,Canada,N/A
Saskatchewan Indian Federated College,Canada,N/A
St. Clair College,Canada,N/A
St. Francis Xavier University,Canada,N/A
St. Mary's University,Canada,N/A
St. Thomas University,Canada,N/A
"Télé-université, Université du Québec",Canada,N/A
Trent University,Canada,N/A
University of Trinity College,Canada,N/A
Thompson Rivers University,Canada,N/A
Trinity Western University,Canada,N/A
University of Alberta,Canada,N/A
University of British Columbia,Canada,N/A
Bishop's University,Canada,N/A
University of Calgary,Canada,N/A
University College of Cape Breton,Canada,N/A
University College of the Fraser Valley,Canada,N/A
Memorial University of Newfoundland,Canada,N/A
University of King's College,Canada,N/A
Université Laval,Canada,N/A
University of Lethbridge,Canada,N/A
University of Manitoba,Canada,N/A
University of Moncton,Canada,N/A
Université de Montréal,Canada,N/A
University of New Brunswick,Canada,N/A
University of Northern British Columbia,Canada,N/A
"University of New Brunswick, Saint John",Canada,N/A
University Canada West,Canada,N/A
University of Guelph,Canada,N/A
University of Ontario Institute of Technology,Canada,N/A
University of Ottawa,Canada,N/A
University of Prince Edward Island,Canada,N/A
Université du Québec à Chicoutimi,Canada,N/A
Université du Québec à Montréal,Canada,N/A
Université du Québec à Rimouski,Canada,N/A
Université du Québec en Abitibi-Témiscamingue,Canada,N/A
Université du Québec en Outaouais,Canada,N/A
Université du Québec à Trois-Rivières,Canada,N/A
University of Québec,Canada,N/A
University of Regina,Canada,N/A
University of Saskatchewan,Canada,N/A
Université de Sherbrooke,Canada,N/A
University of St. Jerome's College,Canada,N/A
St. Anne University,Canada,N/A
University College of Saint-Boniface,Canada,N/A
St. Paul University,Canada,N/A
University of Sudbury,Canada,N/A
"University of Toronto, Mississauga",Canada,N/A
University of Toronto,Canada,N/A
University of Victoria,Canada,N/A
University of Waterloo,Canada,N/A
University of Windsor,Canada,N/A
University of Winnipeg,Canada,N/A
University of Western Ontario,Canada,N/A
Vancouver Community College,Canada,N/A
"Victoria University Toronto, University of Toronto",Canada,N/A
Wilfrid Laurier University,Canada,N/A
York University,Canada,N/A
Yukon College,Canada,N/A
Mohawk College,Canada,N/A
College of Bois-de-Boulogne,Canada,N/A
Fanshawe College,Canada,N/A
Vanier College,Canada,N/A
Ontario Tech University,Canada,N/A
Toronto Metropolitan University,Canada,N/A
Collège Universel Gatineau,Canada,N/A
Cégep de Saint-Jérôme,Canada,N/A
Lambton College,Canada,N/A
Acadia University,Canada,N/A
Algonquin College,Canada,N/A
Ashton College,Canada,N/A
Assumption University,Canada,N/A
Athabasca University,Canada,N/A
Augustana University College,Canada,N/A
British Columbia Institute of Technology,Canada,N/A
British Columbia Open University,Canada,N/A
William and Catherine Booth College,Canada,N/A
Collège Boréal,Canada,N/A
Bow Valley College,Canada,N/A
Brandon University,Canada,N/A
Brock University,Canada,N/A
DeVry Institute of Technology,Canada,N/A
Camosun College,Canada,N/A
Capilano College,Canada,N/A
University College of the Cariboo,Canada,N/A
Carleton University,Canada,N/A
Canadian College of Business & Computers,Canada,N/A
Centennial College,Canada,N/A
Canadian Mennonite University,Canada,N/A
College of New Caledonia,Canada,N/A
Columbia College,Canada,N/A
Concordia University College of Alberta,Canada,N/A
Concordia University,Canada,N/A
Conestoga College,Canada,N/A
College of the Rockies,Canada,N/A
"University of Moncton, Shippagan",Canada,N/A
"University of Moncton, Edmundston",Canada,N/A
Dalhousie University,Canada,N/A
Douglas College,Canada,N/A
Durham College,Canada,N/A
Emily Carr Institute of Art + Design,Canada,N/A
"École nationale d'administration publique, Université du Québec",Canada,N/A
"École de technologie supérieure, Université du Québec",Canada,N/A
First Nations University of Canada,Canada,N/A
George Brown College,Canada,N/A
École des Hautes Études Commerciales,Canada,N/A
Humber College,Canada,N/A
Huron University College,Canada,N/A
"Institut Armand-Frappier, Université du Québec",Canada,N/A
"Institut National de la Recherche Scientifique, Université du Québec",Canada,N/A
Kingston College,Canada,N/A
King's University College,Canada,N/A
Kwantleen University College,Canada,N/A
Lakehead University,Canada,N/A
Langara College,Canada,N/A
Lansbridge University,Canada,N/A
Laurentian University of Sudbury,Canada,N/A
MacEwan University,Canada,N/A
Malaspina University College,Canada,N/A
McGill University,Canada,N/A
McMaster University,Canada,N/A
Mount Saint Vincent University,Canada,N/A
Mount Allison University,Canada,N/A
Mount Royal University,Canada,N/A
Northern Alberta Institute of Technology,Canada,N/A
North Island College,Canada,N/A
Nipissing University,Canada,N/A
Northern Lights College,Canada,N/A
Nova Scotia Agricultural College,Canada,N/A
Nova Scotia College of Art and Design,Canada,N/A
Nicola Valley Institute of Technology,Canada,N/A
Ontario College of Art and Design,Canada,N/A
Okanagan University College,Canada,N/A
Dominican College of Philosophy and Theology,Canada,N/A
Pacific International College,Canada,N/A
"École Polytechnique de Montréal, Université de Montréal",Canada,N/A
Queen's University,Canada,N/A
Quest University,Canada,N/A
Redeemer College,Canada,N/A
Regent College,Canada,N/A
Royal Military College of Canada,Canada,N/A
Royal Roads University,Canada,N/A
Ryerson Polytechnic University,Canada,N/A
Southern Alberta Institute of Technology,Canada,N/A
Luther College,Canada,N/A
Sauder School of Business,Canada,N/A
"University of Toronto, Scarborough",Canada,N/A
Selkirk College,Canada,N/A
Seneca College,Canada,N/A
Simon Fraser University,Canada,N/A
Sheridan College,Canada,N/A
Saskatchewan Indian Federated College,Canada,N/A
St. Clair College,Canada,N/A
St. Francis Xavier University,Canada,N/A
St. Mary's University,Canada,N/A
St. Thomas University,Canada,N/A
"Télé-université, Université du Québec",Canada,N/A
Trent University,Canada,N/A
University of Trinity College,Canada,N/A
Thompson Rivers University,Canada,N/A
Trinity Western University,Canada,N/A
University of Alberta,Canada,N/A
University of British Columbia,Canada,N/A
Bishop's University,Canada,N/A
University of Calgary,Canada,N/A
University College of Cape Breton,Canada,N/A
University of the Fraser Valley,Canada,N/A
Memorial University of Newfoundland,Canada,N/A
University of King's College,Canada,N/A
Université Laval,Canada,N/A
University of Lethbridge,Canada,N/A
University of Manitoba,Canada,N/A
University of Moncton,Canada,N/A
Université de Montréal,Canada,N/A
University of New Brunswick,Canada,N/A
University of Northern British Columbia,Canada,N/A
"University of New Brunswick, Saint John",Canada,N/A
University Canada West,Canada,N/A
University of Guelph,Canada,N/A
University of Ontario Institute of Technology,Canada,N/A
University of Ottawa,Canada,N/A
University of Prince Edward Island,Canada,N/A
Université du Québec à Chicoutimi,Canada,N/A
Université du Québec à Montréal,Canada,N/A
Université du Québec à Rimouski,Canada,N/A
Université du Québec en Abitibi-Témiscamingue,Canada,N/A
Université du Québec en Outaouais,Canada,N/A
Université du Québec à Trois-Rivières,Canada,N/A
University of Québec,Canada,N/A
University of Regina,Canada,N/A
University of Saskatchewan,Canada,N/A
Université de Sherbrooke,Canada,N/A
University of St. Jerome's College,Canada,N/A
St. Anne University,Canada,N/A
University College of Saint-Boniface,Canada,N/A
St. Paul University,Canada,N/A
University of Sudbury,Canada,N/A
"University of Toronto, Mississauga",Canada,N/A
University of Toronto,Canada,N/A
University of Victoria,Canada,N/A
University of Waterloo,Canada,N/A
University of Windsor,Canada,N/A
University of Winnipeg,Canada,N/A
University of Western Ontario,Canada,N/A
Vancouver Community College,Canada,N/A
"Victoria University Toronto, University of Toronto",Canada,N/A
Wilfrid Laurier University,Canada,N/A
York University,Canada,N/A
Yukon College,Canada,N/A
Mohawk College,Canada,N/A
College of Bois-de-Boulogne,Canada,N/A
Fanshawe College,Canada,N/A
Vanier College,Canada,N/A
Ontario Tech University,Canada,N/A
Toronto Metropolitan University,Canada,N/A
Collège Universel Gatineau,Canada,N/A
